id,word,clase
000efb91e8a57c4e6b71ef98ca096ff0,if you are looking for a good quality motorola headset keep looking this isnt it,0
0042f97d56b3538a1c37114faf6561cb,this is a great product sure beats using your fingers,1
00df50d00df8572ce502be9790dd3920,made very sturdy,1
01031956db695322903e2dc8a6b443d3,these headphones were a great find  and i think they are perhaps the best purchase ive made in the last several years  seriously,1
0115940e28127643551916b41228f6dc,better than youd expect,1
015f1e5a74909c6a719b595f3b90c175,im still infatuated with this phone,1
017e1498be789d9a689204f84133f60e,i have always used corded headsets and the freedom from the wireless is very helpful,1
01bdfe073633605efd4bf4733580bf30,it did not work in my cell phone plug i am very up set with the charger,0
024c7e102277120baa7ac0fafb5b5cf6,im returning them,0
02f320dfdff7d80e0b2b521ef6b9f3f4,i did not bother contacting the company for few dollar product but i learned the lesson that i should not have bought this form online anyway,0
02fc4a4dbac596270d011fc4a5b8f84d,the plastic breaks really easy on this clip,0
03a22d03e78475053dd756749348e290,i was not happy with this item,0
04445e2b3ce53af1012cdb221be49888,worthless product,0
04988ec7efd65b81f855fc47b3cfa19c,clear skype calls long battery life long range,1
05339e6807f40ed5787bc20397d91062,cumbersome design,0
059f1048ec117205ab2565a121a2ae58,how stupid is that,0
05b1a9209548811feba151452654e342,overall i am psyched to have a phone which has all my appointments and contacts in and gets great reception,1
0699471bc5f4ecbe7f029d87ba3f4cea,it fits so securely that the ear hook does not even need to be used and the sound is better directed through your ear canal,1
06c06524f6e59da4d3369fd6a390b66b,awesome device,1
06dda7216481136b7e66619ae3c9c1d3,plantronics bluetooth excelent buy,1
06e8b41d917e3559aca31bed14333f59,i have 23 bars on my cell phone when i am home but you cant not hear anything,0
06f6bd766e05d988d39474829ef8deb4,this is a great phone,1
0722cdc65423abf11c44aed6a9c4fb24,good price,1
0758b8d41fb2be50a70f96f6ffea6d49,doesnt work,0
07e82d25a5de287166f09613777ac026,everything about it is fine and reasonable for the price ie,1
07f5f02dd8569bcb1e1ae07b6f300de1,this product is great it makes working a lot easier i can go to the copier while waiting on hold for something,1
080a966b2c6ed1100c01dcf110ed34d7,setup couldnt have been simpler,1
0871a20a68982f2c2c7cc52e344b6c3e,it is well made easy to access the phone and has a handy detachable belt clip,1
09319671c4e9b48ae7b7a9dc116acf34,good case,1
097f119d771f8117bb7399bd3906e42d,fantastic earphones,1
0994d6962986f14aee9cad416a96b1e9,also if your phone is dropped this case is not going to save it specially when dropped face down,0
09d91330339601b3517d5737f8d6c440,ive owned this phone for 7 months now and can say that its the best mobile phone ive had,1
0a15b96e72f8f8d26d0e8198792a508c,mobile phone tools are a must have,1
0a16719d4f05be55eefe2c9436f2f40f,product is exactly as described,1
0b6399a93a5ca35d0f8642ec511fdacc,i love this phone,1
0b87d4e57ba7556235526138aa3df2de,i used bitpim a free program you can find on the internetto transfer data to the phonethe price of the cable was excellent,1
0bb10804692e17369972713ab729cc2f,it is super charged up for use as a small hybrid palmtopcameracellphone and excels in those roles,1
0cb74db924866f05c92bf6ce2ec8f93f,the screen size is big key pad lit well enough and the camera quality is excellent for a camera phone,1
0ce3f0d493abaaeaac0482c1aebb90f6,very good quality though,1
0d17d92651c78c44681ee2263b7e7e71,this pair of headphones is the worst that i have ever had soundwise,0
0d5bcce8d42c9cb61138154d020cea78,the instruction manual is lacking,0
0d9a4529c72a51646325b5ec4429b3db,it worked very well,1
0df5cbfebc359360c73c6c9aef979d7c,it felt too light and tinny,0
0e139145ccee1b35f26f8155d0527f9d,the nano stated itmy son was dissapointed,0
0e68ecfd51f33c0c73039bca05108e52,authentic leather with nice shine and comfort i recommend you this case ,1
0e87ced1327276df146a9ce610ca2c5e,ill be looking for a new earpiece,0
0ebda1552a29166eccc5d9e9b2929475,very disappointing,0
0ec1501742bb9ae8481c785d81c63785,this is simply the best bluetooth headset for sound quality,1
0eca943ec14705f30713e7fc260b92a2,will order from them again,1
0ecac37f82a887cff807510f38678792,the buttons for on and off are bad,0
0f20c61d851f29e5bf971e14ca21c275,does not work,0
0f57774c5ee26a46720e2d6d84d0c2f2,i would recommend this,1
0f6087b3500f539f322ac6bc5cf44b68,the sound quality for the device is unacceptableunless you are in a really quiet area you almost hear nothing,0
0f7425d80b051ee75229fb6ed0596507,i didnt want the clip going over the top of my ear causing discomfort,0
0f864a0e195cd6d773d8b04d45e3dc6b,used and dirty,0
0feb0888ba6ae13db0a1550757b76341,works well,1
101f0ae1419ed5a04de13237ecb2bce7,not only did the software do a great job of this i could also make my own ringtones form my existing cds without an internet connection,1
107f253b9f1c0e1c10ad99aaa4d6a8ff,sound quality on both end is excellent i use headset to call my wife and ask my wife to use headset to call me 2,1
10bb419fa6055b85209177cd72def071,1 it works  2 it is comfortable,1
1110da612e6492dba02a3179a8381b96,the company shipped my product very promptly and it works well,1
113d63eec93fd00e22c0ad3ec310389c,waste of money,0
1178bb60e2cf0d1fd7bbacb419779acd,great headset very impressed  h500,1
1183c9e34e131d5ad4cf8b32c6131a05,love this phone,1
11988c796ac660d42cac0cdcb4b00684,this phone tries very hard to do everything but fails at its very ability to be a phone,0
11f0f86f4477410bfd7be4270add59f3,tied to charger for conversations lasting more than 45 minutesmajor problems,0
121d8a21d8a8e4f2892af97ec45a5a02,only had this a month but its worked flawlessly so far,1
1292a4e58cf37a46d37868d84a3d3ef7,not good when wearing a hat or sunglasses,0
13126ed947c3d8ebde1a2dd497fe1ebd,i got the car charger and not even after a week the charger was brokeni went to plug it in and it started smoking,0
1359a7918e8d0ead7bcdeaf8e1d27dba,the real killer is the volume and of course it breaking,0
137dd47a5b0739da557e351e83b5fcbb,a lot of websites have been rating this a very good phone and so do i,1
13af4a757d1a7c9e08c992df68447055,useless phone simply deaf,0
13b39d16434c4299b5f45391b599bfc2,the voice recognition thru the handset is excellent,1
13fa454e302ac61c88c7bad539c0e348,bluetooth range is good  a few days ago i left my phone in the trunk got a call and carried the conversation without a hitch,1
140150c0fcd6c6bd82667890501474a7,the jabra eargels fit my ears very well,1
143913695a76ffcbd6d1b0746c244664,the picture resolution is far below what other comparablypriced phones are offering today,0
143e0993c2e05b9be3ffa25e150445d1,it has kept up very well,1
14fcac55bce65513ae1985177dc940f8,this case has passed the one year mark and while it shows signs of wear it is 100 functional,1
151230d61972f9b0619e612d79cf9cff,ive tried several different earpieces for my cell phone and this jabra one is the first one ive found that fits my ear comfortably,1
154c8903515b86cb1a6fa5be76d091aa,i came over from verizon because cingulair has nicer cell phones the first thing i noticed was the really bad service,0
154cc5fbf6c4c941a18bea8f9380928b,disappointing,0
1563b737d3b6884753dd2928f8103400,works like a charm it work the same as the one i got with the phone,1
15e3d64874d0ff636da3a48621b53869,battery life is real good,1
169339d7ee0ec49e1a4255c16bf44c5a,comfort for our whole family,1
1702fc9e4dfc31d2da433c2424619f54,its not what it says it is,0
178a011f53cd29014c48cdd6ebc86bf0,first of all it doesnt wear well,0
17a4e5e6095a571a5f808197650f2fff,even in my bmw 3 series which is fairly quiet i have trouble hearing what the other person is saying,0
17a65615c561106c00a6b8fca65ec2a8,still waiting im sure this item would work well if i ever recieve it,0
17b70bbd9dad589ec17c7435162495d4,i even dropped this phone into a stream and it was submerged for 15 seconds and it still works great,1
1921e4ca8cbb9e38cece13887bafb628,i got it because it was so small and adorable,1
1933266bee4453ed94cde86a0982aa11,it was quite comfortable in the ear,1
196584ea17a63be42dc7a56ffef755d3,i would not recommend this item to anyone,0
19978f0882573b106a8d9188c02219d6,i recently had problems where i could not stay connected for more than 10 minutes before being disconnected,0
19b96e44205a325f135252cd633778e2,everything about this product is wrongfirst,0
19be8241848496451d20aa1bc8531ade,this product had a strong rubberpetroleum smell that was unbearable after a while and caused me to return it,0
19bed5b3bd8f4654637f149e649ea735,does not work for listening to music with the cingular 8125,0
1a833ead8e57e9352eefe4e9ac16cd8a,five star plus plus,1
1b4081741db39342489751c47e379230,those phones are working just fine now,1
1b55d27e4580195df375bc83f676c496, comes with a strong light that you can use to light up your camera shots and even flash sos signals seriously,1
1b715569d1246e052de71b3543b743e8,but when i check voice mail at night the keypad backlight turns off a few seconds into the first message and then im lost,0
1b80060b3f5de9a302dcc104891ce4f8,oh the charger seems to work fine,1
1bfe1079359027e411e25681506ceda9,ive also had problems with the phone reading the memory card in which i always turn it on and then off again,0
1c7487b5952e12aa9e2b99fe55c3f096,linked to my phone without effort,1
1c93ddc873f7a834511bacd10cf3518e,i got this phone on reccomendation from a relative and im glad i did,1
1d9ad0d3e6d77255b49ef4e0e279fd9a,lately they have been extremely nice and helpful on the phone,1
1db78a9729ad54ee83754b44c92f529e,great case and price,1
1e8f6b2e80f7dbd66a274635c2333b2e,now i know that i made a wise decision,1
1ea0d9ad970c77fbd4068b5beea5f95d,thank you for such great service,1
1ee7b2479be55a9eab878cb583532e5a,the noise shield is incrediable,1
1eea4cb81c6a0d2a91f6035ce5719ab9,it is unusable in a moving car at freeway speed,0
1efeb818979e861a81517f4b98c17a63,unfortunately it did not work,0
1f7cd776d720da3e96d12351045147c2,treo and tmobile refused to replace it again and forced me to buy another phone without any kind of upgrade discount,0
1fb0d1977fff73a9694a5c132fa8ebde,talk about useless customer service,0
1fd3feebb9b351314126f83935f21ac5,any ring toneoverall good phone to buy,1
20093d62ccf204fbd8cbb7dd8d128df6,happy so far,1
207655924e76b9b1e3fff12455dcb7fa,i especially love the long battery life,1
20fc1cac40350136d4d397a8a39539a7,as many people complained i found this headsets microphone was very weak,0
2132020c351431d9c7f925ee7d9c322d,i highly recommend this device to everyone,1
214d89e138306d42b9e07e8f43e89017,i would highly recommend this,1
217d89585e31fbbe7334713b1ec556a5,i love this thing,1
226bd1361e93a38f306e107b795d2ab1,none of the new ones have ever quite worked properly,0
22fa2bef6a3b3d1670dd285ec7648eb2,but it is great i would really recommend it,1
23987d9689127ff08e14cce590971d94,the replacement died in a few weeks,0
23ae41b1302c6cfb707433ce08dcb226,it was that loudglad to say that the plantronics 510 maintains a flawless connection to my cell and with no static during normal use,1
23d2ea38fc3f2229d527535025be1357,i was hoping for more,0
23e6a206a21451c911a18b5a2da173a2,i was amazed at the quick arrival of the two original lg cell phone batteries and and at a fraction of the price,1
240dd0d538625275f7308f6617de32a1,never got it,0
241654afbaeea945f22edd24f475e243,i bought this phone as a replacement for my startac and have regretted it since,0
2417e29a32efbaebccd0f5b4a5d494e7,dont waste your money,0
2417e29a32efbaebccd0f5b4a5d494e7,dont waste your money,0
2417e29a32efbaebccd0f5b4a5d494e7,dont waste your money,0
243174b0a7e5254549b05e7d88c7a85b,the update procedure is difficult and cumbersome,0
247d6c5df2a8256d79c10ad9c3e1dcde,this fixes all the problems,1
253bf994140064ba72c9e9f6a4971965,i have to jiggle the plug to get it to line up right to get decent volume,0
2565d70417c8b4b8155e27442ac19e58,much less than the jawbone i was going to replace it with,1
2591b23e4f8258e55eccba83e55df7be,i give wirefly 1 stari will contact cingularatt and inform them of this practice,0
25a2836a14fcae0bcc524343f4b26676,great software for motorolas,1
25a89491677c02b42dbc37ed7cb67e1d,works great,1
25a89491677c02b42dbc37ed7cb67e1d,works great,1
25a89491677c02b42dbc37ed7cb67e1d,works great,1
25a89491677c02b42dbc37ed7cb67e1d,works great,1
25f0c5e626563862ca9777959e982823,cant get the software to work with my computer,0
26dbfd6cf0714d64c3278e758f953bea,the plug did not work very well,0
2722df72d6de28502d7c9268310df640,this is a great deal,1
2722df72d6de28502d7c9268310df640,this is a great deal,1
281ba77eacc2a593b6933385f0c8556e,reception is terrible and full of static,0
283165d1cb7b3265a4c963bc7319ef04,the delivery was on time,1
286609840997648dd9546ffd005f5332,excellent hands free tool,1
28b0b4dc2e3e7813f928f58e56a7160c,however the ear pads come off easily and after only one week i lost one,0
29393deecc79e4629d7376bfaf2aca72,1 long lasting battery you dont have to recharge it as frequentyly as some of the flip phones2,0
294d8ee689e46aa01beac71c386212c4,good quality,1
297f0ba856ffeb06468b52c10209edb2,disapointing results,0
29a14e2b8630d30117f4f5ecf2531d17,great hands free device,1
2a7779b0b81a7cc8463ede36196d6bf5,i love this cable  it allows me to connect any miniusb device to my pc,1
2accf17ba9cf0a1bf6cf90cd3d3cdbb2,would recommend this item,1
2b47d0f57faa5b35e0b84d85c4462828,the eargels channel the sound directly into your ear and seem to increase the sound volume and clarity,1
2bb71d6a74d166cf3730e46df691da03,buy a different phone  but not this,0
2bb83786736a87beaa72fdefa7a8d26e,portable and it works,1
2c172f9ca1bc01f7a16479dd0d4a0f34,it is very comfortable to wear as well which is probably the most important aspect about using a case,1
2c6a5948f7c6e72e85934ec60679f966,i am more than happy with this product,1
2c73dd8b3b9800b166c0a200a973954a,this is by far the worst purchase ive made on amazon,0
2c9da16b033fcd3baf0d34be602c2bad,disappointing accessory from a good manufacturer,0
2cd85278cec451d9fc1d531920a669ed,item does not match picture,0
2d0ea10ad03a0118094ebb7c63888f5d,you cant beat the price on these,1
2d1d08f3dbaaaa0e0f96eed6fb521f48,i bought these hoping i could make my bluetooth headset fit better but these things made it impossible to wear,0
2d4b3e8fe12ab755f9378fa1e5d888eb,if you hate earbugs avoid this phone by all means,0
2d810fd840aeedf2792b3fdaa8087176,the phone gets extremely hot,0
2dd612a19b3040bbdb359af1f423f0c0,works good,1
2e1e366b3f1fdbcac46cdb5bbe583dca,doesnt hold charge,0
2e3d23977b69670729e14c5506ef2dc7,the case is great and works fine with the 680,1
2e8b380662c850c78c164d8a08fcfa6e,this is infuriating,0
2e8e1927a400f13a986933033b924724,worst phone ever,0
2f0eacd61126b59c2321aa48f81dffa6,phone now holds charge like it did when it was new,1
2f43b536198f8e8592fa636ead41530a,the only very disappointing thing was there was no speakerphone,0
2fbac3724c64f5e55536e1cb7dc7b373,this item is great installed it let it charged up overnite and it has been working good every since with no problems,1
2fef24250c29bb716c2877f015b15a68,really pleased with this product so far,1
30b353b4658370b8f7cc41ceec1c5f8f,bad reception,0
30b4cbe83243ce09c75b8776cb1a7019,but it does get better reception and clarity than any phone ive had before,1
30ca2e33d42cef16c33d9ea59604ed4b,i gave it 5 stars because of the sound quality,1
311d92468ee377d88abaa87b009ad2a4,worst customer service ever,0
31b4570afabce9eeaaa9745285a2af16,piece of trash,0
31e5b4160f314e70348dedcc930d4182,setup went very smoothly,1
31f1a406e1c87dd7f712e9569e51ccfa,i wear it everyday and it holds up very well,1
32424c50643eb55d6780aefbd9333e85,im really disappointed all i have now is a charger that doesnt work,0
3281a3a9ee8bbab1a6c1e88aacfdd0b9,great product and price,1
32cdb2ac4355f6234e16375f5919a5d3,none of the three sizes they sent with the headset would stay in my ears,0
32e2bee6aa628da6fc2e021545c41c5f,krussel always good,1
3372691833de8906f72bcbe7a067639f,does not charge the cingular att 8525 phone,0
33d4571d34185b8509f229a40aa33747,price is good too,1
3420ee4e69f90bd303de5fa6fe97e797,it was a waste of my money,0
34627a6ef4eb5265fb65c1f123771f2e,one of my favorite purchases ever,1
3573002c25b3748544fea1ab97c21fe9,not worth it,0
358c1d5bd2cdf87ec5930735a6ed93f2,if i take a picture the battery drops a bar and starts beeping letting me know its dieing,0
35944194c06fec09c938bfcb38bea428,ive had this for nearly 2 years and it has worked great for me,1
35bb0440a879180c2891a94d63faa3b1,a must study for anyone interested in the worst sins of industrial design,0
35f6f5b3d93106b58feb44b8f8629add,soyo technology sucks,0
36154b2f66334a78159884a960ce5a5c,motorola finally got the voice quality of a bluetooth headset right,1
3632c579efefa52d74ab45359884d246,worked perfectly,1
36395bb177bb90a0ddaf55a8511d9ae6,think it over when you plan to own this onethis sure is the last moto phone for me,0
363d2db265ad994dbdb110b2a71dacdb,new battery works great in phone,1
3643a62c29ad672c55aafa49cb822539,it works,1
3699736dfba582af4e6c51599d81b07a,stay away from the q,0
37218c98b39cf580ddfe96253be7bc9c,simple lightweight and great fit,1
37221c5e32a37a0a5ad8d10603f7b4aa,it seems completely secure both holding on to my belt and keeping the iphone inside,1
3795fd13d72b583042b76292e60fa0fb,this pda rocks,1
37ad47bc3c84a01b9b9e8b51d5862c82,i love my 350 headset my jabra350 bluetooth headset is great the reception is very good and the ear piece is a comfortable fit,1
37d67c3651030e9159bc2006a5973ebd,just does not work,0
37f1018af81e4d3a6a0ffcedb8cef59a,do not buy for d807wrongly advertised for d807,0
384d0fbc81310ebd3c8f7b1bc6ddb160,i was very pleased to see that i could replace my well travled swivel holster for my blackberry flip,1
38683bc8ae8fe09a53890fd9f67caa80,i have this phone and it is a thorn in my side i really abhor it,0
38fc8858f0dd2022aedaf7982a73a635,do not purchase this phone,0
39061ab575b27763c38971128db96554,we would recommend these to others,1
3960a9eb1eb778fcb5de72ec639e0726,i can barely ever hear on it and am constantly saying what,0
39611934bd57c2d20f8f8ce98cc7e557,overall i would recommend this phone over the new walkman,1
39be5c21bc91f814f7ed3590ae66f7aa,no buyers remorse on this one,0
39f7e8e4e55207e44ac0ee68bb6d5280,buttons are too small,0
3afae8a815165256ce4e190242c528f8,id like to return it,0
3b38563d402f035eb8c91dea936bf344,i found this product to be waaay too big,0
3b56d9e22ae82f8a6bc2ad90c0c915f2,good transmit audio,1
3b573d4a5c44f69f56bc649a89cd262c,definitely a bargain,1
3b8f154e2752c73e1d5dd33381bfbe4d,none of it works just dont buy it,0
3bb9ebee9b806e11588412579c697e18,the camera although rated at an impressive 13 megapixels renders images that fall well below expectations of such a relatively high resolution,0
3c4cb12283582fa66799d00ada332ee7,i love the look and feel of samsung flipphones,1
3cbc0c2bd7731770ceb6b05ea7ea3d9e,this is the first phone ive had that has been so cheaply made,0
3d13b5d1f9d8079b846ba58d4f5e5088,voice recognition is tremendous,1
3d83ba9107013871fb6c6dcf4a720245,while i managed to bend the leaf spring back in place the metal now has enough stress that it will break on the next drop,0
3e01369c1d9ba1ec822d7e89d11f0bac,also makes it easier to hold on to,1
3e2b5b710d5aab0091d3f07cb6ed842c,superb phone on a great network,1
3f0072d165c2c3317e38824c7d2eb909,exactly what i wanted,1
3f0a8cd42d277625648a931b7d7dc5df,i even fully charged it before i went to bed and turned off blue tooth and wifi and noticed that it only had 20  left in the morning,0
3f6f745c2c587b0bac25ce8a50101b34,i would have given no star if i was able,0
3feb9f35f9c7bc4308bb4dce49819926,i had verizon 2 years ago and really liked their service,1
3fefefd15fe99c9ad8a95c274693534f,my sanyo has survived dozens of drops on blacktop without ill effect,1
4064b8796923b415b937db1457ef081f,this phone is slim and light and the display is beautiful,1
406e124105171aadc77c3f992963add6,a disappointment,0
408577a5a4d4c155f5d11aa116fad621,disappointed with battery,0
40b54c7f8dba587cb35c7281efe02210,the sound is clear and the people i talk to on it are amazed at the quality too,1
41b87738f258dd6d26f06ab1127db4ea,im trying to return it for a refund,0
41c17dc3b6c737f50bb4ee6f911b68fc,so i bought about 10 of these and saved alot of money,1
422aa5e29a0a00d29a9550598ec230e6,how can that bethe audio quality is poor,0
4230ecded582201b1cb70c430e0cebbc,they have been around for years and carries the highest quality of antiglare screen protector that i have found to date,1
4279db465212a5383156b9c873fed325,unreliable  im giving up,0
42b63d0736fc0802bec68b354257ade7,easy to use,1
42bc26d6fb869d55b4ce42c55c216c43,great sound and service,1
437fdc6f4e7952dbee3950b99660ede7,excellent dualpurpose headset,1
43db1301931358084902a854a549ed78,worst customer service,0
43ea2456976497c9f271c2a98e82eac0,i am pairing this with my iphone and i could not be happier with it so far,1
441f3fabb6cc68d342c47ab1f2d7fef7,just what i wanted,1
447c47666876b13932161191c686c37c,my colleague  i now get great receptiona little expensive but performance is great,1
44ae337f7356e55d0d690b0fe079ce0b,great earpiece,1
44dd286da2d8231a7604c014e446d99d,the ngage is still lacking in earbuds,0
44f03d84ef91d6401af72ce04e8d038d,i really wanted the plantronics 510 to be the right one but it has too many issues for methe good,0
45677f4f06e515a0d618f76716d6385b,i have used several phone in two years but this one is the best,1
4684747f484a84532896df5612608365,obviously they have a terrible customer service so you get what you pay for,0
4685e504bd995d7270caad803923ea81,very unreliable service from tmobile ,0
46cd7d0bc8fbad5c460613d9d618db8b,great product fast shipping,1
46fb522d18c46f4a5b84563a2413106b,comfortable fit  you need your headset to be comfortable for at least an hour at a time if not for an entire day,1
474426679a75860d33d1db8353861ef8,magical help,1
474b3a621cfcd53f228e0b8f974719d1,dont make the same mistake i did,0
4758f07ce170dec23c37f8ca31c4f3eb,as an earlier review noted plug in this charger and nothing happens,0
48184385c4dcb95c4089a6de7cd49f44,uncomfortable in the ear dont use with lg vx9900 env,0
4886a236a4deee14d3a7074c3dac0d2f,i usually dont like headbands but this one is very lightweight  doesnt mess up my hair,1
48b5cf3a186d62040ccebbbfaf718057,i found the product to be easy to set up and use,1
48b9752d8c68a44c0b2f426b08d5d95f,it is a joy to use,1
48c9e0b2aafddb5df9aec0b004d27da7,this phone works great,1
48e7f1e54fbb2643fb556841da86b778,my headset works just peachykeen,1
48f5f3a499346e0aee24f5544467fe47,i kept catching the cable on the seat and i had to pull the phone out to turn it on an off,0
48fbf2f83aefb15cf78a219d1a4fa514,great charger,1
492f7bb04dcd0cf6ca08e668331e58e2,this phone is pretty sturdy and ive never had any large problems with it,1
4962a0ac7ce268cb0322f625a3b59ed7,you also cannot take pictures with it in the case because the lense is covered,0
496ed820bce724e45c5bee15375603fc,it didnt charge for me,0
498f0fcb7c907fbf82fd31c136ee882d,and none of the tones is acceptable,0
4a564d62dec1cb3e927525dc357a9186,however after about a year the fliptop started to get loose and wobbly and eventually my screen went black and i couldnt receive and place calls,0
4a89359b13a272c138a67477bcb2188e,big disappointment with calendar sync,0
4b117b359043c0f42f3f957f6077bf9c,couldnt figure it out,0
4b2ab46e1b74587047fc5a8db0b2586a,the phone can also take great pictures and even video clips,1
4b308ae21f4d9b44c6b95adf971b3644,however bt headsets are currently not good for real time games like firstperson shooters since the audio delay messes me up,0
4b45b2a2234897970bc0a1f712c1d2b8,the holster that arrived did not match the photo in the ad,0
4b4ca63ffaa9326a0c698472e24c871f,if you plan to use this in a car forget about it,0
4b500a11f001dc8b206135e5e35f3d47,its extremely slow and takes forever to do anything with it,0
4b6136864ebe072e91e8ed3eec3de88f,ill be drivng along and my headset starts ringing for no reason,0
4c0e04c2aead51b74ad4dabe632575a2,it looks very nice,1
4c78f80dccbc995cd4d07498afb621d4,i was very excited to get this headset because i thought it was really cute,1
4ccf203f707022fb959ddcfe503d7136,very good product well made,1
4d0c2d5c2ef162a40934859e6f1407d7,they are so cool,1
4d8b620044107cc2220c607624b15f51,it fits comfortably in either ear the sound is clear and loud and the charge lasts a couple of days,1
4da516ae1a46d13a85fc8bd2e554f0fd,nice case feels good in your hands,1
4dd1fe6a265c1c662a5610ac57fb1701,product is useless since it does not have enough charging current to charge the 2 cellphones i was planning to use it with,0
4dd5bbe13a75bcefecf508f66a26f16b,good product  incredible value,1
4e355b681b71f89a8ccfa0f7aa28a700,i would definitely recommend the jabra bt250v for those who are looking for comfort clarity and a great price,1
4e4e681113dcb8f8e7c6c5032093c5e0,when it opens the battery connection is broken and the device is turned off,0
4e9ff33bf986ef4289bfa450f8963add,this device is great in several situations1,1
4f466ca5e8a609b9707e93ffcb99b77e,i does not maintain a connection with the computer while it is on my lap,0
4f9a67a3ea4ff750f6bc1c700880086c,sucked most of the stuff does not work with my phone,0
5004a0dac8c2f34389637f3b243dc359,fantastic buy and will get again for whatever my next phone is,1
505ce84e5954287bbdce8a30647ed258,crisp and clear,1
508e9f76dea6e25f275686dc2897db06,i have been very happy with the 510 and have had no complaints from any one regarding my sound quality on their end,1
50f759f0c7cf516db34cdc236c960611,disappointment i hate anything that goes in my ear,0
51349bab6e7a4df9d15818a5248cc8f0,i had to go to a store and bought a new nokia phone which is working great,1
514e85bb9844e0f406ec3a1b36defe60,i searched the internet and found this one to be the best value,1
5173a8b94cdcb7a67bddb6b3221a2415,no ear loop needed its tiny and the sound is great,1
519035005f8c60c659d821591968c92c,would not reccommend,0
51a9521a84e27c9829b6a76332c65952,battery life is also great,1
51ec471103209dfe3b0ac578cc1e252d,avoid this one if you can,0
520e2a42e69e41fb377d21e3559d3711,clipping this to your belt will deffinitely make you feel like 50 cents upandcoming,1
527a1bba49aa726e7c1b001af4505e25,people couldnt hear me talk and i had to pull out the earphone and talk on the phone,0
538a15d558808dd0838cfba5e2058bf8,i really like this product over the motorola because it is allot clearer on the ear piece and the mic,1
53a6597f8d89bf257b7c675b569d572c,i purcashed this for the car charger and it does not work,0
53c2fc3a1d0a25524ed445f78069f66c,kind of flops around,0
53d1910cc3ea5b9a4b23096c85d5acf9,not a good item it worked for a while then started having problems in my auto reverse tape player,0
5401506096029b2ca99f822535a02805,essentially you can forget microsofts tech support,0
54585ad2f15af89c94c72cbfa995bd6f,cheap but hey it works was pleasantly suprised given the low cost of this item,1
54e591996aa0a184f6380f823df7d685,i didnt think that the instructions provided were helpful to me,0
552b2275b230e8f965133eb663156577,i am sorry i made this purchase,0
5543ce7a6428f647e3c18c6a1f7641d4,this is a beautiful phone,1
55bc64cd6608b0bfc5764c6454d5463a,the battery is unreliable as well as the service use antena,0
564e0984f5450234833a77c79190b39d,i love all the features and form factor,1
566ceca3e7b590cbc972e014d90ad02c,all in all id expected a better consumer experience from motorola,0
569125887e99c7c6a90481c52b57768c,the headsets are easy to use and everyone loves them,1
56982c0abdb8cedb2c44013f65568230,excellent service,1
5704ad0a7544d3250a0d5526645a8f83,the charger arrived within the promised timeframe but it did not work,0
570b809524368ba140b62488b205e3e4,this allows the possibility of double booking for the same date and time after the first,0
5773fe6d3d499afb6677aeaba1fa6169,i am very impressed with the job that motorola did on the sturdiness of this phone,1
5778fd8c070f6907339a6a2e021586f1,its a little geeky but i think thats its sex on toast and it rocks and oozes sex right down to its battery embedded sleek stylish leather case,1
57bc170afb2a5bfc2fb26d3ec90ce40d,having trouble with volume,0
57fbc1d7f5b666bf6dd4a6043704a605,another note about this phones appearance is that it really looks rather bland especially in the all black model,0
58c2053ac4326ec40813cf9931cc983a,we have gotten a lot of compliments on it,1
5900c686889ccff3ae2847ab16cd5531,light weight i hardly notice it is there,1
5917a3a17605f0beb70c7ec7043b7fee,also the phone doesnt seem to accept anything except cbr mp3s preferably ripped by windows media player,0
59d4836046dd06d47871fa3a9e3e17aa,best ive found so far  ive tried 2 other bluetooths and this one has the best quality for both me and the listener as well as ease of using,1
59fa4376df7615b057ae2e6be3b2c662,poor product,0
59ffa6b77a443601828407c0571ba92a,plug was the wrong size,0
5a0d822df0a98aee224b63f6444b6204,the battery works great,1
5a6b9d6b720d40da92f73087e8be935d,internet is excrutiatingly slow,0
5a9da27ed49294d292e897f2726933ec,youll love how thin it is,1
5acda31a575a4ca5a0bfac18cf01bf45,great price too,1
5af98e3f67127df6355b97da9f123db3,the cutouts and buttons are placed perfectly,1
5b083507df070789f92b9faa74088085,you could only take 2 videos at a time and the quality was very poor,0
5b1dd4b451cef80a339706327c43169b,its a piece of crap,0
5b90bb8f823d7b32daa1cee99c2d3310,doesnt last long,0
5c370c78121c993087a0ce33f05ffc59,poor sound quality,0
5c3a2f55b09fffc247175a744c9cc95d,it has a great camera thats 2mp and the pics are nice and clear with great picture quality,1
5c493e8a5fae83af2dce81ebcf659f06,trying to make a call on these is an exercise in frustration,0
5c5d6a2d5a3b5d01211daa5dfb85ddca,this case seems well made,1
5cb6a4f3d73244535c5e827ab8b9df4a,great for using with your home stereo,1
5daee7f8367097ec8de75161c3f9cb2e,i would advise to not purchase this item it never worked very well,0
5ddef2993330292ee7c71df8e4a9c5e1,the 12 mega pixel camera being a part of a phone is reasonably good7,1
5deb98f8703aa8128dc8e55dbb61a385,i am very impressed with this headset from plantronics,1
5dff3e5faa3a130f07153792bae8279b,reaching for the bottom row is uncomfortable and the send and end keys are not where i expect them to be3,0
5e02d8322d3adea88ce0a0faa18a0b0f,good product good seller,1
5e0523e512ff6e00a505c9e7779b469f,they work about 2 weeks then break,0
5ee47be57624442bcdb3f63ab984ed9e,i own 2 of these cases and would order another,1
5f372c8b55d3452d20178f58ca016bab,its been my choice headset for yearsgreat sound good volume good noise cancellation,1
5f376e3f14eee2f22486491e695a765d,adapter does not provide enough charging current,0
5feef62714585f16e2bcab875a76a4cc,sprint  terrible customer service,0
5ff416606bde525e850203a9385d668e,i plugged it in only to find out not a darn thing worked,0
607e7e22c50dd32decc9c86e70f8e6b1,audio quality is poor very poor,0
6095f2a7449d05620338df3d1a65007d,i would recommend purchasing the jabra jx10 series 2 which works flawlessly with my moto q go figure,1
60dc8a221e313bb69f45d74534e93092,the volume for the ringer is real good you have choices how loud,1
60ea27a50c1892639ddfcfa800525c4e,dont bother  go to the store,0
611f6001cae639bc19c35bac29c2c81f,it is light has plenty of battery capacity and is very confortable to wear for somewhat extended periods of time,1
61212fb803e0bd1808987097d1172aed,i also didnt like the on button it felt like it would crack with use,0
614ac00b94a049b305c75d01818c59a3,echo problemvery unsatisfactory,0
615b14a7cd2894632d456fa9fa6e554c,it holds a charge for a long time is reasonably comfortable under longwearing conditions and the quality of sound is tremendous,1
6161697a89bb7a0c8c02de1ec1b4b458,i recommend igo to anyone with different brand cell phonesmp3 players in the family,1
6194eab89d5033afaff7f5a6a08feb97,i was very impressed with the price of the cases,1
61aaf4e598cda66f5a6233adfcd1f381,best headset ever,1
61c8fc9527bafa9b97c86c3acae61ddf,the battery runs down quickly,0
6227dcdc1b91bf1f1bbd416c74481517,all it took was one drop from about 6 inches above the kitchen counter and it was crackedi am not impressed and i am not laughing,0
624f3d4b0895e72d537edbef3757fe60,it was a great phone,1
626a41723c0421cc5da379596abc1705,you have to hold the phone at a particular angle for the other party to hear you clearly,0
626ac7e8f207b9e79e5f986f32c1758b,clear crisp sound,1
62717abb2537ec0ccedfea93782c5c58,also difficult to put onid recommend avoiding this product,0
627b3e97a3c1059a356b16a54fade0ee,im using it with an iriver spinn with case and it fits fine,1
62985cbe4f4e911136da27446d5dd674,it makes very strange ticking noises before it ends the call,0
62d1bb623e736cf9233fa7712ab5fe84,what a waste,0
630adc4dd743be17374afced765233ce,terrible product and waste of money,0
630b52a0b852de74668897a1881fb210,my phone sounded ok  not great  ok but my wifes phone was almost totally unintelligible she couldnt understand a word being said on it,0
6312ef7945d5787139dab380116d9cc7,att is not clear sound is very distorted and you have to yell when you talk,0
632752402c6e9c7b97546465f1e5c31b,warning  stay away,0
63b8fc6da06578bd88fe667af50eb535,dont buy it,0
63b8fc6da06578bd88fe667af50eb535,dont buy it,0
63d0068efb0770c4f80fc83ae0a1b310,if there is a wind it is completely useless,0
646c0f71e2584a8f3a2c74507f035984,my sister has one also and she loves it,1
64f801f7ea82a9fa4d81cbf7bbda546e,works as described,1
6587099497266b7e1b42f3d31ff36096,very easy to use,1
65a48d02024bbebf865b596bb1b8003a,i have bought this nokia cell phone a few weeks ago and it was a nightmare,0
663684bb7e394d83b0aac7ccf9dfdd0c,im pleased,1
667fefb51992c1e9704cc4e2cff8b359,i used to talk on it for 1  1 12 hours and the battery would be literally drained and dying,0
66c4420e254b2a892c7baae4f09b38b8,if you are razr owneryou must have this,1
66cadac64510a8374afc6d846d22edce,fits comfortably came with three sizes of earbud tips,1
67056975d731288789a2b47a4899f852,well packaged arrived on time and works as intended,1
6738b2aa51b1ba2675af5475fd1c9f88,its a total package,1
6740c3b618521a99e2fd66cd5421f07d,keep up the good work amazon,1
67bff0e6631a4a6dd3ba9fba62b93be7,has been working great,1
68346cc87aee50abd077f633e04fd030,after charging overnight these batteries work great,1
683f3104ef59ed0d239fdd36c8b7d3d5,this is definitely a must have if your state does not allow cell phone usage while driving,1
688033140289e3da3374fac0479db856,excellent bluetooth headset,1
68c74672ee3238a0b4b70ba825e42001,thats a huge design flaw unless im not using it correctly which i dont think is the case,0
69565600a694fb955bc2247e8b4b9b56,lasted one day and then blew up,0
6961ca9b1264942b42480fc4cdecde0a,this was utterly confusing at first which caused me to lose a couple of very very important contacts,0
697fbf80311e25324df049e429819f56,the case is a flimsy piece of plastic and has no front or side protection whatsoever,0
698d7e2a3142765dbdf3f6d493feadaf,after trying many many handsfree gadgets this is the one that finally works well,1
69c241a116ebc647dd409fb427bc9f66,basically the service was very bad,0
6a52abeefd0205fa11cc75db3a1ff7a7,this item worked great but it broke after 6 months of use,0
6a70a29905ba1cfd997e810cb582caeb,very displeased,0
6a71a2941bd3a49939e2cc32758186df,cant upload ringtones from a third party,0
6a7cb828440b481a879c343ede7e6161,im very disappointed with my decision,0
6aa2715de95e307b056f9e563848244c,i highly recommend this modest priced cellular phone,1
6aa6cf2125897acece60c102c03807ea,the ear buds only play music in one ear,0
6aaf33893e3263e302eda74640bec1c2,excellent product i am very satisfied with the purchase,1
6ac0b6f4e278a78d6dd10fbf9c77c051,this product is clearly not ready for prime time i dont care how cool it looks if you cant tell a call is coming in its worthless,0
6b2f0412ca0314f7eb6b81ffc172caa5,great audio,1
6b33c4082f968ba11bdfb758c7b54bbf,the biggest complaint i have is the battery drains superfast,0
6b619e461dfd8323c408a20e6c5c6f37,one thing i hate is the mode set button at the side,0
6ba5abd5160109f066cf02e853c1f15b,i purchased this and within 2 days it was no longer working,0
6c1e4eb2c027a1ab62d89e354c2c847e,so far so good,1
6c7a388c8575a5921a165e6fdf7b3875,great value,1
6c826b4c6038ce72524763d460514c0a,i have yet to run this new battery below two bars and thats three days without charging,1
6cbad04f6dafe6fd62b8dc00c4756f68,the design might be ergonomic in theory but i could not stand having these in my ear,0
6ce8ed8b941fd9f4e33f26c449e26530,not impressed,0
6d3038646724f01b4f7af57a04aa8a08,an awesome new look for fall 2000,1
6d37e1f992dcb0cc4d00221632de9e03,as i said abovepretty useless,0
6d4b9ac9546df34fa2da6fd3dab46493,this product is ideal for people like me whose ears are very sensitive,1
6db7c213881371ea6b52fd549926078d,good show samsung,1
6ddb12089e94b410899ca8a84e5b9a25,pretty piece of junk,0
6df32e3a7044e4abf4c9e20ee4446777,i find this inexcusable and so will probably be returning this phone and perhaps changing carriers,0
6e38a7f7223fa883f539a7aabd607583,a usable keyboard actually turns a pda into a realworld useful machine instead of just a neat gadget,1
6e9beccc5413364e912eb44225a95e27,poor construction,0
6f84c231d3151efd42f2ba5a4b3cc4b0,all three broke within two months of use,0
6fbdc6ccaf3fcd29375c1f75b1d7c286,this battery is an excellent bargain,1
6fcef7e087872d136b87520631ae6acc,it doesnt make you look cool,0
6fde5b7dc5567a835a9ce62af4c554a8,poorly contstruct hinge,0
7002b23801449708463393d829e823a6,do not buy if you want to use the holster,0
70167bd2b013b29c5176f99d9a204267,howeverthe riingtones are not the best and neither are the games,0
70dbe4e5abe966b5fe8097520be2cc42,i love this bluetooth,1
71096cc7ef8549faf12531bc3e1cb2be,i might have gotten a defect but i would not risk buying it again because of the built quality alone,0
71569c1bac3dfed0d42c8e08f0813e97,so far it has worked like a charm,1
7163f74ca578cfe3a0ed8c7bf307ae8d,for the price on amazon it is an excellent product which i would highly recommend,1
71b01177cef76980342134d5b50901fd,very good stuff for the price,1
71cfe986da952450596257527931c544,i posted more detailed comments under the grey or black phone but i have the fire red and its a great color,1
71e9f4a60d5a5874524125e6c085e5a7,this is a very average phone with bad battery life that operates on a weak network,0
7209b33cc07c715cfb6600a74914da0d,o my gosh the best phone i have ever had,1
720aa137b64fa5c1a2735e1b544c3851,so i had to take the battery out of the phone put it all back together and then restart it,0
720c10ff7eb7f267849cbb2b50bd72a7,if you have several dozen or several hundred contacts then imagine the fun of sending each of them one by one,0
7270161dcc70b3d8b45e5cd8d85335f5,the battery is completely useless to me,0
72b838419726421d594f786925424d55,the phone takes forever to charge like 2 to 5 hours literally,0
72eba3f8ac492bc510b3916b9dd57261,you get what you pay for i guess,0
73ce91f1519a686429d16aad526ce91c,yes its shiny on front side  and i love it,1
73d30c78a8cd5a8ed481309f0fd9a190,this frog phone charm is adorable and very eye catching,1
74537b309ee27b55e1641343edc39b12,i am glad i purchased it,1
7489f49953d0513ebc6e224df9075d2b,very disappointed in accessoryone,0
7518946b2e1172ef5cff35812d0d59d6,very dissapointing performance,0
751f4b46150e4b74adade46def490e78,awkward to use and unreliable,0
7525bd2b610a4c4c6fc35c69c9c7e7c1,i own a jabra earset and was very happy with it but the sound quality especially outgoing on this is better,1
753effed229968dc4ff25786a7e66f3c,the battery is working well as a replacement for the original that came with the phone over 2 years ago,1
75566750944211da3985f257fdb1198e,i cannot make calls at certain places,0
757d106de5787b284106f3433051b456,the color is even prettier than i thought it would be and the graphics are incredibly sharp,1
760838f549f3a5cb095f05e3603c062e,improper description i had to return it,0
765243fdc5b90bf226888a29828e8af5,it has been a winner for us,1
766365aa48a8121f39559fd1c3519635,iam very pleased with my purchase,1
76bf02e66d8ed0ca0f764c741c07f713,all the other cases ive tried normally fall apart after a few months but this one seems to be in for the long haul,1
76f582f8ab838d71bfb181ad14f97d54,terrible my car will not accept this cassette,0
77029b963cf1567a109e7f9322309924,timely shipment and quality product,1
775ab5673658d67d649af1dcab2e9454,i get absolutely horrible reception in my apartment where with other phones i have not had this problem,0
77b2c028c31ab1ba9c5ae44a8b27b90d,waste of 13 bucks,0
77cbdae262bbb558debb5682a16bbe83,highly recommend for any one who has a blue tooth phone,1
77dad4b4bf37299361e5d8d999b4827f,im a bit disappointed,0
785919aa0bed52d616d2b4719b0c6671,it was horrible,0
7886647aacc4490971c4f2c03f7671de,i wear glasses and it fits fine with them,1
789d62ce1eff57020746814f231534f9,finally after three or four times the spring of the latch broke and i could not use it any longer on the visor,0
78b248280f4f3cf78d7cdf2837ada32b,tmobile has the best customer service anywhere,1
78be21de991d52736a735fdb2d29265d,bad choice,0
7961ebb1ce6281ed4f39354d27e9c553,they keep getting better and better this is my third one and ive had numerous palms too,1
79944d143bbd9e8032af867a99969b63,great phone,1
79944d143bbd9e8032af867a99969b63,great phone,1
79944d143bbd9e8032af867a99969b63,great phone,1
79944d143bbd9e8032af867a99969b63,great phone,1
79944d143bbd9e8032af867a99969b63,great phone,1
79944d143bbd9e8032af867a99969b63,great phone,1
79a7a7556db68982bf55fed69783892f,the reception through this headset is excellent,1
79abcc8df77917b1ff71064f4bf52892,absolutely great,1
79fbd497d34c524a062b98324771fc3c,sounds good reasonably priced and effective its that simple ,1
7a3af604e52e2577b3f5b77e96f3e01d,excellent,1
7a6a20ffce8673455ed0534e2e62fe7e,who in their right mind is gonna buy this battery,0
7a773ae17554c5353f29c9b45aba4c89,it plays louder than any other speaker of this size the price is so low that most would think the quality is lacking however its not,1
7a827a0b6e7e12c4c29f7c26ed00240c,after a year the battery went completely dead on my headset,0
7ab884e5174028439d2742a5e6255270,bt50 battery junk,0
7af4b1fac2752c7745eea8dc814b850f,my 5year old nokia 2160 from tracfone holds the charge a lot better than this,0
7b88090c997e7235f84d17af3cbae011,the seller is very understanding and patient i would definitely buy from them again,1
7c2fa80676667b91be9e7fc31f311148,best bluetooth on the market,1
7c5c57a15783478331575134f2b4c463,i love being able to use one headset for both by landline and cell,1
7c9c3ce885570896706ecd321fcc9e52,it looses connection to the phone even when it is within a couple feet between the two,0
7cff05f38863e023fb21ae19a2732f55,this phone is very fast with sending any kind of messages and web browsing is significantly faster than previous phones i have used,1
7d2997fd58af45f970898e18aa619557,bluetooth does not work phone locks up screens just flash up and now it just makes calls randomly while in my pocket locked,0
7d501e7d072e084e126bcdc4f2eb8090,good value works fine  power via usb car or wall outlet,1
7d6f83bf7137069682f730737599d485,the file browser offers all the options that one needshandsfree is great,1
7d81e6f93abc267d29305f8f104721b2,it is very comfortable on the ear,1
7d846c71ce0290a32b18b76a7a86de5c,yet plantronincs continues to use the same flawed charger design,0
7eb773f8456c3f6ed9a94aebea2e4251,the phone loads super,1
7f85d58f2d904248ec476a09d1a99b42,the price was very good and with the free shipping and all it was a good purchase,1
80187f7284d1bf0d514ce8d8175fe364,i wouldnt recommend buying this product,0
809a88a557169d8f029da853b6ce2483,it is the best charger i have seen on the market yet,1
812efe3fb38e44637a7e96c3b6320e4a,were jerks on the phone,0
8141b7e7da4ccdc73ac9006ff223a074,poor reliability,0
8156e517fbd35f08d9861e5e642c2dfd,you need at least 3 mins to get to your phone book from the time you first turn on the phonebattery life is short,0
81649f9f063eb144f28263a562189a23,the earpiece on this is too large or too heavyit keeps falling out of my ear,0
82bef2726e76f8abbff87e1f02728dda,im happy about this purchase good quality and low price,1
8371ce0b068756025303e584754567b6,everything worked on the first trythe device was certainly engineered in a clever way and the construction feels good,1
8377a6695b28b422025bf5eed7e63fc6,i only hear garbage for audio,0
837d588ea5521057126995b45895eef8,it lasts less than 3o minutes if i actually try to use the phonemy wife has the same phone with the same problem,0
838d12574760db5d75292f168df574cf,but despite these few flaws this case is of exceptional quality and well worth the additional costs of owning an official oem product,1
83cc7c10a0c9eba31474cf993869f215,however i needed some better instructions,0
84753f3694dc49540a6d27c5265e12f5,leopard print is wonderfully wild,1
84bd8c3b97e76342ba9cafaa386b456e,obviously there is a problem with the adhesive,0
84ee857697a30a6d5707a835403faaca,you need two hands to operate the screenthis software interface is decade old and cannot compete with new software designs,0
84ef7c7faffd7d9cc217e9f4087d7e18,what a waste of time,0
852ee3d85e0cd5cf258888b1202dd550,it is light easy to use and has very clear reception and transmission,1
8536a68f160b090cf32e33d84900a8f8,stay away from this store be careful,0
859f7608f9cba62eac4bab1174cc17f4,utter crap sound quality is terrible,0
85b2e56723e0e23324b6c90b6ed983c0,great product for the price,1
85c93c1443154c4a62c705e25c5ca207,the pairing of the two devices was so easy it barely took a couple minutes before i started making calls with the voice dialing feature,1
85e5f545c50e4a0dca250f71d21b0e16,what a big waste of time,0
866558233ff317a7dc17301847c1f123,the tracfonewebsite is user friendly and makes it easy toactivate etc,1
86e4887c8bd6a9a42096e760182bb3bb,all in all im quite satisfied with this purchase,1
871ab36f132a35ff9e2047c9d61aa84e,in the span of an hour i had two people exclaim whoa  is that the new phone on tv,1
872a78fd5dd525b7ef8c2eabdca37640,a good quality bargain i bought this after i bought a cheapy from big lots that sounded awful and people on the other end couldnt hear me,1
87dd22f860b389651fabd4ed69f51226,it doesnt work in europe or asia,0
8885e2a613ba8fb1eaa28ba3319e0e67,the phone is sturdy and waterproof,1
888d9226cde66e19cb354dc9d870055c,you get extra minutes so that you can carry out the call and not get cut off,1
8892412ded8a15ab53f79fba0645e798,it has everything i need and i couldnt ask for more,1
88c8b527c853d001d92a374f69bcab17,theres a horrible tick sound in the background on all my calls that i have never experienced before,0
89332ffc1c53e596c2d546e962d49eb8,when i placed my treo into the case not only was it not snug but there was a lot of extra room on the sides,0
895146d30e2c0bf1c5f0719e8356058a,not only will it drain your player but may also potentially fry it,0
89580e9678af81fdd8ae7f1953edbd5a,doesnt do the job,0
8a1c81724dc8b83a29e5ba231cb98cfb,the range is very decent ive been able to roam around my house with the phone in the living room with no receptionsound quality issues,1
8a22f0fbc32f50963e776eea4346e0ce,i have been very satisfied with this cell phone from day one,1
8a742c9a7fe738092a7d79ef43ca8828,dont trust their website and dont expect any helpful support,0
8b0abeeca0ab6b500ec0d21e4e877e43,someone shouldve invented this sooner,1
8b3599513d2f79f970b05f0e16608c0c,i have purchased these for both family and friends and all enjoy their clarity and ease of use,1
8b3af17bd71977118bfabdb80f39a0ab,you never know if you pushed it hard enough or the right number of times for the function you want or not,0
8b459a7d51194043eedde2b17e263159,i great reception all the time,1
8b8724f5bc298ad99f700939f69a7623,nice design and quality,1
8b8aef6e98658407adb03b31307a8eef,makes it easier to keep up with my bluetooth when im not wearing it,0
8bbcb837880afbb1b20592e8621fa3cb,battery life still not long enough in motorola razor v3i,0
8c4b09acc6ec279e8a5b754c061bc2bf,a pretty good product,1
8c764ba1928ca6e5a9a468eb56cac025,what a waste of money and time,0
8cad61b0d29a1f39cb5e7f078bf8caba,save your money ive had this item for 11 months now,0
8cca83abbb69699415ddf5079eafc043,i only used it two days and it wasnt always easy to hear with,0
8d15b9e9e0d447aef29b4395f0e6b94b,car charger as well as ac charger are included to make sure you never run out of juicehighy recommended,1
8d1ca5ad01e71a0006980167e6484716,perfect for the ps3,1
8d43090fa63955c7b8245a0689a51e77,it has all the features i want,1
8d7f3692b31de1702d3b9b98e536d22f,we are sending it back,0
8db797833f94c3a868f3ed032ddbb552,comfortable in my hand,1
8dcfc6bb7553604197bb72c316a1208d,it was an inexpensive piece but i would still have expected better quality,0
8dfd22a843abd9ff2581d232749a1b2e,dont buy this product,0
8dfd22a843abd9ff2581d232749a1b2e,dont buy this product,0
8e21cddda5a5eb681da79505e8704775,i love the ringtones because they are so upbeat,1
8e56b9709e983c7b887c119f25bf0dc1,does everything it should and more,1
8e74acf5eb360d84727249e5b3801fbc,we received a white colored battery that goes dead after a couple hoursthe original used to last a week  but still lasts longer than thereplacement,0
8e94dd52fc6b99b9f15350c935f9cad6,i received my orders well within the shipping timeframe everything was in good working order and overall i am very excited to have this source,1
8edd1a464876e1aa52fde0fb5d7fb007,terrible phone holder,0
8f007f6986e5125a5f72c70c2f326397,they do not care about the consumer one bit,0
9133cdac952274bbec4822e1ab602d8b,the commercials are the most misleading,0
9143e49dc4e00662cf71b68817aee4a6,dont buy this product  it fails,0
916eee11f79713d43c7b91a62387059f,steer clear of this product and go with the genuine palm replacementr pens which come in a threepack,0
91a761e0ab61fdb43fcb147c5adc25fe,using all earpieces left or right this thing will not stay on my ear,0
92452e5a0c7f62d9ffba4c99251074f1,this company charge me a restocking fee and still not given me my refund back,0
924e5e98018864eb6781eb8dd2f8b002,very clear quality sound and you dont have to mess with the sound on your ipod since you have the sound buttons on the headset,1
9353a2eaa6ad0ffa9b89b16b75d8e8b3,worth every penny,1
938070782fab90531140ce3a40292bf8,dont waste your  on this one,0
93a5356cdfd273ca20e34103d8832b4a,freezes frequently4,0
93df41e99f33d123985a02ef036cdfdc,the only good thing was that it fits comfortably on small ears,1
94aaa818a5ef15d2123e7be35949cbd6,i have had problems wit hit dropping signal and more,0
954eb542496c07e116e85b87d252d9e4,i would highly recommend this product,1
9575fb80420e97301a722b601f70f692,this is so embarassing and also my ears hurt if i try to push the ear plug into my ear,0
95a5498cdcaef69209d334639764bd7a,they refuse to refund or replace,0
95ac023ba21c09d5c8dac8f0a6459c03,the charger worked for about a week and then completely stopped charging my phone,0
95eac2c3ca229d7421777f6385275e67,the bt headset was such a disapoinment,0
96d857b1e7e584217431b586a0d2919d,but in any case the best part is you can download these pictures to your laptop using ir or even send pictures from your laptop to the phone,1
97c556810b75d4ce451d95c8921059e6,very windresistant,1
981b5ae283456a41f5967c5686e6f99b, down the drain because of a weak snap,0
9846cf9c945b206cdd241f8b98a5f664,it clicks into place in a way that makes you wonder how long that mechanism would last,0
986e332f30498af3186af7a541b14569,not a good bargain,0
98902df5f56a570258c1401d1597a2a3,last time buying from you,0
9896372f02644c125e6a71173e563fac,poor quality and service,0
98a08c4d176131d343a4d3defd2e9613,my experience was terrible this was my fourth bluetooth headset and while it was much more comfortable than my last jabra which i hated,0
98b3e45cdb035e3c79e6507a807f8bc2,battery chargelife is quite long,1
98cad3690b8a94f17a93ebcc85e7ab5a,otherwise easy to install and use clear sound,1
98f725e4062bfc9d85114a2e824a1308,what a disappointment,0
9922095568b13b2dacdd710eea556056,i ordered this for sony ericsson w810i but i think it only worked once thats when i first used it,0
9956ee45ec17e96e9577087130eaae33,we have tried 2 units and they both failed within 2 months pros,0
9992d61d39099219e4a1e3af17fc7805,fast service,1
99941178e3fa24a80b20100b49277464,not as good as i had hoped,0
9a3b02f52bbd21b5d0358c561f6c794b,the internet access was fine it the rare instance that it worked,0
9a7c5c2a61e0afc695fec1ba3e4cb5e5,i exchanged the sony ericson z500a for this and im pretty happy with that decision,1
9ac03616262c6224ef1c09be96bd3b95,the igo chargers and tips are really great,1
9b04074dcf6877630029d2e2daec6906,battery lasts only a few hours,0
9b75110982ab5796a69fbd590238cffd,nice headset priced right,1
9c8fb9b22ce96cd437ece0c4d87190a2,very pleased with this headset,1
9cb7659a5cff29bce6fb93eaf3504450,this is a great little item,1
9cf9cd2515e65d2104e62ebc47138781,jabra ear gels r the best,1
9d48f5e6af5523cd0d8c917635b27d2a,i can hear while im driving in the car and usually dont even have to put it on its loudest setting,1
9d4ec338ac3f1c2b6eb85b4c692a8f0e,better than expected,1
9e0b49c92fe0be609852f0436d9bbead,the handsfree part works fine but then the car tries to download the address book and the treo rebootsoverall i still rate this device high,1
9e33b0cfadcc144e815968f91f4df587,the worst piece of crap ever along with the verizon customer service,0
9e4a0eea64cb5a74c3b5476f42e1c124,sending it back,0
9edbc4ba962b28b49611c4de104467dc,great for ipods too,1
9f3296d6574961a7796eb0be9de554f7,ive only had my bluetooth for a few weeks but i really like it,1
9f5c03eb78519e27046b8e66d64f71f4,looks good in the picture but this case was a huge disappointment,0
9f5dedb1a59a8e61635a2ee636ee6592,just really good so far probably the best bt headset i have ever had,1
9f61dc3e813c140db42c7015d619f116,i was looking for this headset for a long time and now that ive got it i couldnt be happier,1
9fef22efed6e12373f0167191b6daab2,then i had to continue pairing it periodically since it somehow kept dropping,0
a022e01d75bd45bb14baeb4cf64fd3e1,amazon sucks,0
a032a2c0bb1c1b4fbfbfac68baefa3ab,unfortunately the ability to actually know you are receiving a call is a rather important feature and this phone is pitiful in that respect,0
a0ac0c34e46a9f2abbe84614cfdcc62c,nice docking station for home or work,1
a1b63b8fb4e595f08ba8f0198efcd515,i had absolutely no problem with this headset linking to my 8530 blackberry curve,1
a1e743c9c922c4860f85c53ffa8277fe,good protection and does not make phone too bulky,1
a1e74992248bb891d31ff17df1992b61,it is simple to use and i like it,1
a20b7197129f8589c5382028c6a01499,i have tried these cables with my computer and my ipod and it works just fine,1
a295a20cee5a7840f6cabcb88c99f9a3,the sound quality is good and functionality is awesome,1
a29cb6f7f5f8a72216dfeb24803c2246,i connected my wifes bluetoothmotorola hs850 to my phone and it worked like a charm whether the phone was in my pocket or the case,1
a29ea192716e12cc323c336234639bdc,arrived quickly and much less expensive than others being sold,1
a2e67447f666835968a4338abb730ddb,dont make the same mistake that i did and please dont buy this phone,0
a38d18bad2930fe6677ee148756a67f6,these are fabulous,1
a3d9916f078a916602b651ee633163a2,i have a verizon lg phone and they work well together good reception and range that exceeds 20 feet line of sight,1
a3da5da69641176a2f85e2aac51969f9,battery has no life,0
a4261a6bdaa9eb13afe2f1f9e67e6ce0,every thing on phone work perfectly she like it,1
a4578d6bd09a0eea2b4894b6eaeedf0b,ive missed numerous calls because of this reason,0
a46f219aaa98f0c2df4150119d643ef1,this is a simple little phone to use but the breakage is unacceptible,0
a491049bee097c816db2b859f90a3d43,nice solid keyboard,1
a4939d2c5201c3e1e827f877cf665afa,perhaps my phone is defective but people cannot hear me when i use this,0
a4e145e9a6736a481f23dce5d989f063,not good enough for the price,0
a515933abfd66a863737e4c8cf8d7afc,the calls drop the phone comes on and off at will the screen goes black and the worst of all it stops ringing intermittently,0
a5289e404b629c9b22f4e8991f810e00,the one big drawback of the mp3 player is that the buttons on the phones front cover that let you pause and skip songs lock out after a few seconds,0
a53022db22bd28ba7becb1ddc341cd72,the cable looks so thin and flimsy it is scary,0
a54733166fecd31ecb98ecbafd2ba8ce,great price also,1
a576d36b97004f7c1a5056350d76d6fd,too bad you have to pay up to  a month for the service,0
a59b0da38bfdeeb9c314c30d1887cf20,during several different 2 minute calls i experienced 5 drops and it was in an area that had 5 bars,0
a5d0a5e121aab6de127622c85fd241da,i ordered this product first and was unhappy with it immediately,0
a5ef564d3fa697b5830c44ae407e36da,best of all is the rotating feature very helpful,1
a60ca600a149e1ca0cf373620d57ca80,buyerbe very careful,0
a642e75f4ad0b2a684b0f53774019085,the accompanied software is almost brilliant,1
a65114029516d387ad5d06bad069d442,great pocket pc  phone combination,1
a69277fad19406c73cc02407e3215dae,this results in the phone being either stuck at max volume or mute,0
a6e979ea366eff59014b586e667b3f74,very satisifed with that,1
a75d8eae619f0ababecaf55dad00c388,i wasted my little money with this earpiece,0
a77ba9748c4543beb57e63f9ace45406,a week later after i activated it it suddenly died,0
a78d3c1da6d6c6d8897b7b8336d9175f,works like a charm works as advertised,1
a7c606940a952d94b6adcb859600ee1c,you can not answer calls with the unit never worked once,0
a855024e1e83d5fad90ddd53c38e84e1,love this product,1
a997f8e78c698fda811861194a65483b,gets a signal when other verizon phones wont,1
aa24c066d2a386700949fcb71872eb43,i had to purchase a different case,0
aa52dce4e1b11cfa04fe1589ca1a3d0a,dont waste your money and time,0
aac892b1bb5a28b8ba1d468ac1e3a41a,the pleather case doesnt fit,0
ab04a6ce8d5bfa264573cf511d073967,no shifting no bubbling no peeling not even a scratch nothingi couldnt be more happier with my new one for the droid,1
ab0e147fb3074ebd8ed7a2f8d2a0810f,it is practically useless and did not add any kind of boost to my reception after i bought it,0
ab16c98cb98aa1873ee1d6e3f93021ed,i highly recommend these and encourage people to give them a try,1
ab4350f7d396a664a4281abf083ef32e,i would recommend it,1
ab8aaf50543e0c3c1babafb02b021fa9,nice sound,1
ab916e892037dd518c17fd111e5977c7, item arrived quickly and works great with my metro pcs samsung schr450 slider phone and sony premium sound in ear plugs,1
abf7123d9cd1c49b32e7b68e51f502e8,not loud enough and doesnt turn on like it should,0
ac38882a7c365cb471c4e9861f2f3dc6,i bought two of them and neither will charge,0
ac4032fa72c58a897bbf021c2f291346,beautiful styling though,1
ac4ffa1358e63cf66a0fcd60cd6f2b9e,i tried talking real loud but shouting on the telephone gets old and i was still told it wasnt great,0
acb6b906f2adc42594b0e219f108f861,worst ever,0
acc38e8886fde0e98e64a9dad97e61a5,this little device has transformed my organizational capability and made my life a whole lot easier,1
ad3f32e885927d95e938cbd705894fdd,you can even take self portraits with the outside exterior display very cool,1
aea4fdb57cfd97d0a5fc1a32e2179c6a,i want my money back,0
aeeee03d0b3620cdf394b97b093adb38,this does not fit the palm tungsten e2 and it broke the first time i tried to plug it in,0
af308423ea7668b442895b18402abc48,small sleek impressive looking practical setup with ample storage in place,1
af62bc32e1cefe06e2b9356afbfe0baa,i dont like this nokia either,0
af7b658eb9005fcfc1ef9366905f753c,the keyboard is a nice compromise between a full qwerty and the basic cell phone number keypad,1
aff81e033f416c70c721f7b31d6b3b46,its the best headset i have used,1
b0d4e3bdcc76b965b07ac7caf398a743,the sound quality is excellent as well,1
b0fb662a842a0be8d4ea4dde7f559d08,camera color balance is awful,0
b0fbfdd7f8102488691524caa2c4baf1,awsome device works great,1
b0fe53269111d28cff7f39d7ad167c34,my only complaint is the standard sound volume is a little low even when turned up to 5of 5,0
b15a2c09ea78941c0baec6b8292daeab,the keyboard is really worthwhile in usefulness and is sturdy enough i dont expect any problems,1
b17afab42977b9938f5062c2ce1c63d4,unfortunately it will not recharge my iphone 4s despite connecting it from multiple power sources imac external battery wall outlet etc,0
b1cbfc0fb1a4be10aaaebe9c1a252095,saggy floppy piece of junk,0
b22d19a86b74a9f4ee8a765efbd53915,other than that the leather is nice and soft the fit is very tight the cut out for the face is a good shape,1
b250acdf5a8d51c0d6623423732d9cf5,needless to say i wasted my money,0
b2521ab4b702a7860646d282808b7c51,the construction of the headsets is poor,0
b32f0450e92bf2491adb74dad396e540,this phone might well be the worst ive ever had in any brand,0
b34ff250153f94a2eb45d3c1b8709827,not nearly as good looking as the amazon picture makes it look,0
b42e39bde25e97228d20b720c5c09d26,the microphone also works well but according to people i have called it applifies everything,1
b447f76389ce089264cf00235a931a9c,nice quality build unlike some cheap s out there,1
b4821d0a4366d5188462524fbb99a9bb,these products cover up the important light sensor above the ear outlet,0
b4990ba8187863eb6c7919148f09c081,love it great armband,1
b4d714a3d1719c63535aaabcfcc2873f,appears to actually outperform the original battery from china that came with my v325i,1
b4ec2c4cdfa7e09292655de091d640ed,ive dropped my phone more times than i can say even on concrete and my phone is still great knock on wood,1
b538671c5c8b8267f2ac5a2473d785db,restored my phone to like new performance,1
b628f488e3c7899a3ba34d4d5e92e604,worked great,1
b62fa2fdcd34bc01b81e49823563d503,what possesed me to get this junk i have no idea,0
b66139561910805574c4d29f7196c39a,lousy product,0
b68994f37cb5f61f2d7d931bd0f66b5b,the only thing that i think could improve is the sound leaks out from the headset,0
b6fe2ad67732ae1294e7403c2f681cce,excellent sound battery life and inconspicuous to boot,1
b6fe409a302809995c11fa1b5f9fddfb,blue ant is easy to use,1
b71f8ecd8db480fc3cd0085102bbdc18,worthwhile,1
b761f271891d5d68a7b498d9e0ed8fbb,no real improvement,0
b79ca14e7d5c551a46343466a5ecd23f,i have to use the smallest earpieces provided but it stays on pretty well,1
b7c11e0df2af6731ea6f1f51abd4315b,he was very impressed when going from the original battery to the extended battery,1
b7e17e001f6cac5c25e97568266b5309,i use this product in a motor control center where there is a lot of high voltage humming from the equipment and it works great,1
b7f0c27a5083760a9d2c54c027dc2e31,that company is a joke,0
b875ceb16b1e1a28a05ee3bb78fd10e1,provides good protection and looks classy too,1
b87ee0310bf050e5fab12a021ae0a102,problem is that the ear loops are made of weak material and break easily,0
b8cb945fe58699d3bdb2b4be745c1368,for a product that costs as much as this one does i expect it to work far better and with greater ease than this thing does,0
b9630bc495c31007846987767a41e9f0,i really recommend this faceplates since it looks very nice elegant and cool,1
b970a2cb65b64d92b367fe9eba1ffea9,thank you for wasting my money,0
b9bd1c2ab22959b05fb7f299c63dcb56,i like design and look of jabra behing the ear headsets and 5020 is pretty comfortible to wear 24 hours a day without pain in the ear,1
b9da6e816d606a4af8cece774adbfbb9,the bose noise cancelling is amazing which is very important for a nyc commuter,1
ba42d7b67611b4f0ebc3860a0da80067,i am very happy,1
ba543b55f65b3a722364cb29fd9b3c55,because both ears are occupied background is not distracting at all,1
ba5d6a67a3e6630b51a707a6cc934932,excellent wallet type phone case,1
ba90c7ae7dbd63ea8801d07babac4ffa,really ugly,0
bac47e8ec2e38bd3d7906cd6fc9dfb39,bad quality,0
bafd55234a78f6d974b4a562d0406f12,disappointed,0
bafd55234a78f6d974b4a562d0406f12,disappointed,0
bb1148923c8b1320d32cc3ba61b29d34,do not buy do not buyit sucks,0
bb986a8da6080c6391ba3c78477ccb9e,verizons bills however are difficult to understand even though their pricing plans are simple,0
bbc777e23ff45c05300d990ac89061f3,the reception has been generally good,1
bc71d89e88f617303255f3dc6a5db50b,worked very well paired with a treo 700w and as a skype headset on my pc using a usb bluetooth transceiver,1
bc771b10d8177ea67f6b6cce486a53bd,i got this phone around the end of may and im completely unhappy with it,0
bcebb8428cbbc1928fb0a2bdea3d8ac4,this one works and was priced right,1
bd12fb88e4066d0b6aa0404488bcf3d6,its reception is very very poor,0
bd2a9a9b1badc662761d01809288f960,not what i wanted,0
bd72d7baa1a708d3f8daf4438ceca21e,very comfortable,1
bd8948a6a570a9d66136a698ac74b189,poor talk time performance,0
bd8fef921a09eb50ed39e3f4367b5fd6,cant store anything but phone numbers to sim,0
bdcd15892deb61bea8c72a96f1b396fb,its kind of embarrassing to use because of how it looks and mostly its embarrassing how childlike the company is,0
be1de2408d7d80637a7b8df22a77c007,this is a good battery and it got here really fast,1
be3f37489dcbad5be27b120fd79b2c61,then a few days later the a puff of smoke came out of the phone while in use,0
be50b72d2161a94d0c82f5d295eb7bee,same problem as others have mentioned,0
bec56e62339547cbad66d79235d6998e,great bluetooth,1
bf655e2cb78006a676955bf652f51a99,thanks again to amazon for having the things i need for a good price,1
bff294d8fe5a62fb94aa74ee68927ed4,i definitly recommend,1
bffa4c70a4ce1c00ee2b9f95069c1903,sprint charges for this service,0
c003b8ca3bbad7c5802f3528e45a64e1,cool phone,1
c044a298259cf3453713d0540dea5f64,i like the fact that it rests lightly against your ear rather than inside,1
c0764179b12b8b9981ec8d875278768d,great product,1
c0764179b12b8b9981ec8d875278768d,great product,1
c137b58ca11386b8f0abc80c1b8ac553,this blueant supertooth handsfree phone speaker is awesome,1
c141c4f00fc783be2e3d642ffd180f07,it is easy to turn on and off when you are in the car and the volume controls are quite accessable,1
c14fce174ff362d789f7ba5e68a0d1f3,it feels more comfortable than most headsets because i wear glasses and that gets in the way sometimes,1
c1b15f76cc8cd94b533d54b0172dfed6,for the price this was a great deal,1
c2117756b1ba73c87f761754bb3f03e6,no additional ear gels provided and no instructions whatsoever,0
c26bf0dcc678cd94090ca50eebed65bb,its uncomfortable and the sound quality is quite poor compared with the phone razr or with my previous wired headset that plugged into an lg,0
c2d95b72cdc7265fa083ed5ea227caeb,i wish i could return the unit and get back my money,0
c39685cb0bba4a7a7b5491ee3a682f1c,the only thing that disappoint me is the infra red port irda,0
c3db9ff42d611f073982369330bde501,the battery life is highly unacceptable,0
c3fb8e8f60e371e3546121557b81e53a,the camera on the phone may be used as a dustpan when indoors id rather be using a disposable then this,0
c4092ecaec5b447f2a25ad1479f6a92b,prosgood camera  very nice pictures  also has cool styles like black and white and more,1
c4481e97039ce240a9569aa0b8ad6d07,does not fit,0
c4481e97039ce240a9569aa0b8ad6d07,does not fit,0
c56f343f4dcaf70d14110276575485a0,also its slim enough to fit into my alarm clock docking station without removing the case,1
c5dc4eb127715ae8d4035b0aabe328b9,could not get strong enough signal,0
c6188b8df97bfde2df3adb6adac32eb8,reversible plug works great,1
c61a0d3b28cb1c8c1adbdc5d6145d308,the instructions didnt explain that a microphone jack could be used,0
c631f664882048c43795180fdb4679cc,well im satisfied,1
c673221e9b056d97e28355c4b776a4fa,i dont think it would hold it too securly on your belt,0
c6d7777d048e8c60f6677c324540c15b,horrible horrible protector,0
c7321604b0b8d95abfbae943807a2a70,love this headset,1
c74e418d43807322c8c662e9d2e18c08,bad purchase,0
c7c5e93d584d6d3f421757fb88bb4297,i have had mine for about a year and this christmas i bought some for the rest of the family,1
c7ff731a627c51b1b9707b283db4c482,very prompt service,1
c859c31cff4825de7aff85d3e2db573f,very cheap plastic creaks like an old wooden floor,0
c881b4d1692e63d7c12156c57ce0ef07,performed awful  muffled tinny incoming sound and severe echo for those on the other end of the call,0
c8924e4572d51665e67103eef5a16bfd,painful on the ear,0
c8ab9f8cfb6985cd66046c9c2e090489,much better than the hard plastic cases,1
c8faac95d39335864ee9e9dc5792412a,this particular model would not work with my motorola q smartphone,0
c935332d498b9372d0626bdf2d05f748,ive had no trouble accessing the internet downloading ringtones or performing any of the functions,1
c93a3226f1d717aca83977faaef08ce7,the loudspeaker option is great the bumpers with the lights is very  appealing,0
c9cb0585d535ca4fcb106b99d492833c,better than new,1
c9e45f7403f43b0e5fbaf6dbb5e5e232,if you simply want a small flip phone  look elsewhere as the extra bells  whistles are mediocre,0
ca5cd2446a83f77753066936ccd624e3,bought mainly for the charger which broke soon after purchasing,0
ca99ab93b08d3f7a0b19f4dfa815035b,they made this case too small and is very difficult to install,0
cab01df4d8edf65c1f54a12df5790a0d,bad fit way too big,0
cae257ddf6ef7f92a237c48d9612593c,works fine,1
cb7c617c27f6c5e1a87eabfc71a1016a,i checked everywhere and there is no feature for it which is really disappointing,0
cba57ad477653c1f4807546b4f85915a,integrated seamlessly with the motorola razr phone,1
cbf8b57ae289162be5de7c2f9463e35d,in my house i was getting dropped coverage upstairs and no coverage in my basement,0
cc278c6312d0015cbe8cdc0605a39c0d,it works fine on my motorola 325 cellphone and a lot better than the wornout battery did,1
cc2f32ddf7d9bb09ee18136315ca4d6b,please dont waste your money,0
cd31c8e4e1fa2701d188f1077e3ae6a6,unfortunately its easy to accidentally activate them with the gentletouch buttons if you accidentally touch the phone to your face while listening,0
cd45bf71ede4fbc0c0eafebc75b4efeb,headset works great  was packaged nicely to avoid any damage,1
cda0e48a34a353c7cad8a7e4ef208ce6,product was excellent and works better than the verizon one and boy was it cheaper,1
cdfd5d7439d93e712eef424c885796c1,i love this device,1
ce4991d737bb2d8da236ae5ecc91b5a8,i am going to have to be the first to negatively review this product,0
ce4e2d9105820fedcda24ccf2b4d0bca,the mic there is a joke and the volume is quite low,0
cee4e7ebc1c2ff7d4fd1abedd0a0983d,the best electronics of the available fm transmitters,1
cf0582d9e5f80568bfb0336c27854cdb,the design is very odd as the ear clip is not very comfortable at all,0
cf81ddd2337358deb585e364f9f3a9eb,verizon tech support walked my through a few procedures none of which worked and i ended up having to do a hard reset wiping out all my data,0
cf8e9531a619a59577aaa32391246719,they do not last forever but is not overly expensive to replaceeasy to operate and the sound is much better than others i have tried,1
cf9eee184c8e4c65b29dd431c0665ead,i went on motorolas website and followed all directions but could not get it to pair again,0
cfdba5e263a78a8e4f4e312e168c4985,50 down the drain,0
cfec3ef1cee5c8ed84a8421313a4a74f,the bottowm lineanother worthless cheap gimmick from sprint,0
d03377cb91e9a6a96fdaa950d11bbf60,the majority of the logitech earbud headsets failed,0
d0653f23176c3d33b72572e92e7884c4,great choice,1
d067a6eb12fc913a05f51da5ec8a5b09,this is essentially a communications tool that does not communicate,0
d0ccc732d8f9fee34cb2139e5e584782,that one didnt work either,0
d0ed5163ea350f569794b5aa93e9406c,rip off over charge shipping,0
d130155e16515e4232b75318d3ab532a,if you like a loud buzzing to override all your conversations then this phone is for you,0
d130155e16515e4232b75318d3ab532a,if you like a loud buzzing to override all your conversations then this phone is for you,0
d1710616a0554d11703df0014e9dafc0,great it was new packaged nice works good no problems and it came in less time then i expected,1
d1af103c9c93bd9aee4dc9c6dd974bab,do not make the same mistake as me,0
d1c27506bf62cbdfb3374ded1f755b76,its a great item,1
d1db57bbd2a0256ae612b439331fdf3c,i ended up sliding it on the edge of my pants or back pockets instead,1
d1dee77681927aac2e444e3fc82bfebf,my father has the v265 and the battery is dying,0
d249687368fc27ac74d71fdfaf7f6b41,i have had tmobile service for 2 or 3 years now and i am pretty happy with it,1
d2cc134402d4c45517e11c228fdf0e64,nice headphones for the price and they work great,1
d2f74915ba5054598b6bd7618dec3877,the shipping time was also very quick,1
d31f8c780cc6c5debadee229a3ee8cf1,plan on ordering from them again and again,1
d35b754de166e26b12a1e90b03c3fba2,there was so much hype over this phone that i assumed it was the best my mistake,0
d3ec4b0eaf1a3f9ed8ab0f7be86f2530,incredible,1
d435b544cbd4b9d02692e6642f6a1703,its so stupid to have to keep buying new chargers car chargers cradles headphones and car kits every time a new phone comes out,0
d4a4578e24c43a9d3890c50893f71075,after arguing with verizon regarding the dropped calls we returned the phones after two days,0
d4a5556bf26f59e333e22a98a6352421,display is excellent and camera is as good as any from that year,1
d4b7fc011a6965e8790b7790e087137f,i know that sounds funny but to me it seemed like sketchy technology that wouldnt work wellwell this one works great,1
d4ce18cdb0131da318b0c14dcceeb8ba,i have two more years left in this contract and i hate this phone,0
d4fe46aa15b98ab5a7f9b1e6abfa663a,if you dont find it too bad as again the unit comes with one earpad onlyi would not recommend this to anyone,0
d51807d400f6650d10db24a9abeaabb3,i got the aluminum case for my new palm vx and it worked really wellit has protected my handheld perfectly so far,1
d51a9b9833309705c1c1fd9df1538214,horrible had to switch 3 times,0
d53147eb7707a67f68ebceb541e79ffc,i bought it for my mother and she had a problem with the battery,0
d54829e463265b40f63dff6d1a3610c9,its not user friendly,0
d54ad3f9e8a02c70b194f29d20dc0ee2,it dit not work most of the time with my nokia 5320,0
d5b889c416d007220d20961b954839ec,the design is very good4,1
d633088ef7d3eb6a403fe2b6d15fb843,protects the phone on all sides,1
d6b97bd525416237c63771f8cfa72bc5,wont work right or atleast for me,0
d6c7b1f9c533f7d3188475d8d3992413,if the two were seperated by a mere 5 ft i started to notice excessive static and garbled sound from the headset,0
d6d9bd40e883700daf050f3e498590c4,battery is terrible,0
d6e85182e547d4ad3072c37e37597a77,i have only had it for a few weeks but so far so good,1
d6f619791def77bff42aae33df880ff3,greatno problems at all,1
d75f9165423c114b304decc1e28bb829,excellent sound quality,1
d7d5b27a69809c8a979637b34546458d,i advise everyone do not be fooled,0
d7f03ec9f88437b044a5e605d20de9cb,razr battery  good buy,1
d7f83d677efb3916aa4e8664e016d0ad,good audio quality,1
d82ec11bde6f7ac869fbf05b36d07f73,lightweight and works well,1
d8a6c0523cc449a6841cda86a255d977,i still maintain that monkeys shouldnt make headphones we just obviously dont share enough dna to copy the design over to humans,0
d8b3e42bed509edd0297efed84b4c565,theres really nothing bad i can say about this headset,0
d8dbf48524d0e56434dddcac5aadcabe,the worst phone ive ever had only had it for a few months,0
d8de15f222ec19efae95739f09737130,and the sound quality is great,1
d8f53f064077812ae5ea00c14e3c81f0,its pretty easy,1
d8ff6f2b4ffd8c1e40a8919a9068516f,i contacted the company and they told me that although the unit was still under warranty if i couldnt produce my receipt i was out of luck,0
d90e4e5edae5ec58a1983775f7e9a3cb,low quality,0
d9108d8c47d53605429e3de87ecbec4f,gets the job done,1
d927616f398c919bf82e604c7e795911,but now that it is out of warranty the same problems reoccurebottom line put your money somewhere else cingular will not support it,0
d947710f67c6075d3e203d27b0fc70d7,their research and development division obviously knows what theyre doing,1
d94e62e265118f74fee4b4c8f8e91d20,i was sitting in my vehicle with the cradle on my belt and the headset lost signal,0
d967cf69f4d9cf3e2753bdcbe4da14b3,the nokia ca42 usb cable did not work with my phone,0
d969ea438c076e5fa8da305042990632,it does everything the description said it would,1
d9924a6017b290beb2d81f69d597bedc,the phone crashed completely and now i have to get it replaced,0
d9ce4e28b3f27c091d8e3f20adde9377,first off the reception sucks i have never had more than 2 bars ever,0
da136cb1255d9168dcf9cebd6fc9d69b,not enough volume,0
db0fa61a47bc4a9c56af618d82855d50,great for the jawbone,1
db19cbe70fa0cf24d31437a64fc29ad1,after receiving and using the product for just 2 days it broke,0
dbadc6c3ae23ec782759ecfe17eb9fca,the reception is excellent,1
dbda74ea1b32d520c90529497217cb11,i received my supposedly new motorola 375 and apparently there was not a match between the phone and the charger,0
dbe0a39a3b731f0c89daedcd420ee555,truly awful,0
dc0d80af21a9104e720076f9c56524eb,this product is very high quality chinese crap,0
dc3baff8a92a7f16a7f39649b043036a,so just beware,0
dc58ff600309564c942394d9604cd198,its really easy,1
dc5c9891fe1f24d793dd2dd08f583e2b,however the keypads are so tinny that i sometimes reach the wrong buttons,0
dce589de4a7681a336888826deaaa3b8,excellent starter wireless headset,0
dcf102040a4ae15e40adf930f99ee258,linksys should have some way to exchange a bad phone for a refurb unit or something,0
de0b7a4ce5a40d57fd27941f85b32a7c,so there is no way for me to plug it in here in the us unless i go by a converter,0
de5a8f8eba87be345087ab1eeea38435,was not happy,0
de83d2ed174dcad4b27deb79df78265a,i have read others reviews here but i havent had any problem with it,1
dea526cfdddf2027bfaaffb2e5e07335,i bought this to use with my kindle fire and absolutely loved it,1
ded96c2248286a7d8248c3b41033a5ee,piece of junk,0
def7a774f331e91e0daed96045a83874,after 3 months screen just went black all of a sudden,0
df471c73deb7633e64f56a3d06a7ca2a,it feels poorly constructed the menus are difficult to navigate and the buttons are so recessed that it is difficult to push them,0
df78a14b01018a4bcb19eac7530d2534,it always cuts out and makes a beep beep beep sound then says signal failed,0
dfafc66de91beb08b61eaea0251e4568,works great when my cat attacked the phone he scratched the protective strip instead of destroying the screen,1
dfe4245bbe3031c80f87fbb3c7d7e6f7,virgin wireless rocks and so does this cheap little phone,1
dfe7ec8d20147faf7d5f2c1968554bda,excellent phone,1
e06deb118dc9f98a34e3ee19324ae25f,this is an excellent tool especially when paired with your phones autoanswer,1
e078dc31464a9ffe920125c575e13fb2,i could not recommend these more,0
e07bf38897c67991dfd6337be5571866,returned 8 hours later,0
e07bfd1395d0c0c0b9802ca2fef70315,however my girl was complain that some time the phone doesnt wake up like normal phone does,0
e0dc36e2a51953e79bc6958fdf0f8d8b,jawbone era is awesome too,1
e0e23a3e679a9e714bae09ba745ed263,w810i is just superb,1
e0e3a4dd0b7df8fa62c6349c70baa9b2,worst software ever used if i could give this zero stars i would,0
e0eff9082d3758838966cade6e12b3b4,the look of it is very sharp and the screen is nice and clear with great graphics,1
e15deae0a3e22ff4766b57d4cc1f1910,it finds my cell phone right away when i enter the car,1
e1a3191cacc3405d93c75eb8d693ca4a,all in all i think it was a good investment,1
e1a54e5129eb28fd9e75c09deaad2193,it is so small and you dont even realize that it is there after a while of getting used to it,1
e1c50c757711dac17d03be466379b4fe,its aggravating,0
e214f981eb926b3d33362592c59ffc8c,very happy with this product,1
e24d725b5fb730581b9a3f46c243fedc,it fits my ear well and is comfortable on,1
e26469d1f43361c877ee919bfb040164,the worst phone from samsungcrap this crappy samsung e715 is the worst i have ever seeen,0
e29b066b73d56e125b1667e6fc532c31,i bought this battery with a coupon from amazon and im very happy with my purchase,1
e2bb800f0a701501aaa255eb38903f75,i highly recommend this case,1
e2c5470f79a1888343b345b96d1b5a66,very much disappointed with this company,0
e34bf600793e93fde812488c406dcb6a,the phone was unusable and was not new,0
e39f2a5bb147382770c3dcf5623851a1,this is hands down the best phone ive ever had,1
e4290cde2140141bf74477c51a6e0bcb,the headset fulfills my requirements so i am happy with my purchase,1
e57a63c30b63ffb174a8ba204df73406,i am also very happy with the price,1
e58d98701bf3d5c5eb19806086a30908,after the first charge kept going dead after 12 minutes,0
e5c6de4238fe8c02e34c63719ab80f44,it would take too long to describe how bad my customer service experience has been with amazon,0
e602f104e2a2136f4c447c85f1a4210f,its a great tool for entertainment communication and data managementoh be sure to use activesync 42 for optimal data synchronization results,1
e60bbd3f69eb802da7d53e1548a3ad38,i had ordered a motorola data cable got a very well finished and working product,1
e60d5a7ec6bd9eb4106bdea378b05d70,seller shipped quickly and much cheaper than the competitors,1
e6b24bd06dbb577683738b7b5364d77d,these are certainly very comfortable and functionality is decent,1
e6b78023be91ed78397ca2d22e26badf,defective crap,0
e7033db6390b6a53c62a5cdd3f5c9deb,then i exchanged for the same phone even that had the same problem,0
e71cd74762db85ccf340b7d0b1a3a53c,sweetest phone,1
e7677b87ce8b7aef17a42407e2da7143,design flaw,0
e77f5a3a33d2eda94c25cf1426cfc4ef,it defeats the purpose of a bluetooth headset,0
e79f033f8b21abf50176fb1b73a3a131,the speaker is of low quality so as making the ring tones sound very cheap,0
e7d839fa52edc74b81d2e86b722db498,it also had a new problem,0
e7f97593b5001a1b542bb3c964056fc5,and i just love the colors,1
e865d8d4c68ae177058ac0cbeacf6247,works for me,1
e87d6790c35e18924ebe8e1a516edcae,ive bought 5 wired headphones that sound better than these,0
e8b70c025ec21937f3b6b4961933497f,due to this happening on every call i was forced to stop using this headset,0
e8ca66c65797f7719df7b46c8eb6db0f,its very convenient and simple to use  gets job done  makes the car ride so much smoother,1
e95e86fea6f5e5b921f694d638a48973,items stated as included from the description are not included,0
e991ee1fcbb37b1597193d749ca96138,2 thumbs up to this seller,1
e9948f2912dc4e82f7339bd4f60d0d15,this is cool because most cases are just open there allowing the screen to get all scratched up,1
e9cb3bb1aad1bfb916456db717b856a7,just reading on the specs alone makes you say wow,1
e9dfd2be1702eacd6ef6740d63ee4e93,nice leather,1
ea2b4cd6ded903a193eb599f7ef859c4,the volume switch rocketed out of the unit to a destination unknown,0
ea36ff0524985b05648abe4628655396,good  works fine,1
ea7db69f1aebe54983de861c58dad992,muddy low quality sound and the casing around the wires insert was poorly super glued and slid off,0
eacebd0647d39cec9555fc0f4b174fc7,it quit working after id used it for about 18 months so i just purchased another one because this is the best headset ive ever owned,1
ead15472ff211f07b3cfcf45158acc16,i cant use this case because the smell is disgusting,0
eb01c6bd6c75f1842f971a5a0cb6509f,in addition it feels amp looks as if the phone is all lightweight cheap plastic,0
eb839dbae0806e89df60539b48c193b6,buyer beware you could flush money right down the toilet,0
ebba8974af50cd1a06a7f5d277db3f18,earbud piece breaks easily,0
ec007e36f72c1f20b2206dc613700481,their network coverage in los angeles is horrible,0
ec5c05857ceac7b3853ae14534debe41,im glad i found this product on amazon it is hard to find it wasnt high priced,1
eca80dd899e0475831b78fd2ef7a1b94,ive had this bluetoooth headset for some time now and still not comfortable with the way it fits on the ear,0
eca9655cadc370d4cdb9a9dd564b04c1,the first thing that happened was that the tracking was off,0
ed2b97c59e7ccd37d95dcdbc604a9824,plus i seriously do not believe it is worth its steep price point,0
ed2d34659eac8d58b2cd2939c6dade9f,mic doesnt work,0
ed55644c1fc22b80e72c9a39a1e1f661,warning  do not buy,0
ed8a1bfe9ac8be7fc8c7e048fad3823a,what a piece of junk i lose more calls on this phone,0
edd158ae95c6c748646ebc3d14594639,i did not have any problem with this item and would order it again if needed,1
ede49ced7056341fead8690439fd845a,case was more or less an extra that i originally put on but later discarded because it scratched my ear,0
ee6c4914aa52423a079365ac3574cb7b,its welldesigned and very sharp  the blue is a very nice color,1
ef020951cce6b8bca37f3852fef18431,i am not impressed with this and i would not recommend this item to anyone,0
ef9b6eccee89efb394ec65f0947b6924,poor voice clarity,0
efcd34190cd86c75a7d258bcccb7c9e8,battery is holding up well,1
efece878bf7cae0da14c95cda6c18729,couldnt use the unit with sunglasses not good in texas,0
f007ef3f19046f339b9f406c0e5d996b,i have had this phone for over a year now and i will tell you its not that great,0
f08c0bda69ad20b452c433fd6fec98a0,i received it quickly and it works great,1
f0d536990cb94bba057a964f847345ff,very good phone,1
f15cba6f3584e90505552b25039be812,i received my headset in good time and was happy with it,1
f16b94dbbd46196d854e631b3c525312,the item received was counterfeit,0
f18d9676fc1d9622e96d27041b5e87b4,i put the latest os on it v115g and it now likes to slow to a crawl and lock up every once in a while,0
f1993a10458acf4f6c79ed5ac3bb1d35,this is the phone to get for 2005 i just bought my s710a and all i can say is wow,1
f1b2cb203e3565d58a4bd03ecb42229e,at first i thought i was grtting a good deal at 744 until i plugged it into my phone v3c razr,0
f1e21ccac3ca7ab9282aed5329908f59,comfortable nice range good battery life,1
f20841fe860cbd7b6e14842d01a58d75,i love this phone  it is very handy and has a lot of features ,1
f20993288911427f51996ca2dc13d68b,im surprised this is a good quality car charger and theres not much reviews about it,1
f2de4352b7603cea6e6184effd628bdd,this item is fantastic and works perfectly,1
f38a6f6af987762bb4a571e6f3d599fc,a piece of junk that broke after being on my phone for 2 days,0
f3eb79e85efc5e6b1f428e9583dd58f8,poor quality,0
f3f3451522b0b2c0ac32de8373b9b032,phone is sturdy as all nokia bar phones are,1
f4df31827e93dc4a38a97bb50ec8f3a7,doesnt work at all i bougth it for my l7c and its not working,0
f4ec094ff1951553d4990eaa0bcd7b7b,absolutel junk,0
f503d57999538d4e0f642c9413690e65,oh and i forgot to also mention the weird color effect it has on your phone,0
f52de9fbec140ed40e8740003a671887,very well made and fits my surefire gx2 perfectly,1
f5d5107c491b75f5c7d08a2807f9bf60,it is cheap and it feel and look just as cheap,0
f5f67d2a222143ef1d80abf6caa9cc32,chinese forgeries abound,0
f62142f4a4483f3a8283bf84122894ba,after my phone got to be about a year old its been slowly breaking despite much care on my part,0
f63e7047a4e5f5bf0d880f4867d39ff2,good case excellent value,1
f6fa79015b525e12bff147c56a29883a,good item low price,1
f73551272af787cc31bf8cb81297468a,excellent product,1
f7776180411c2fb28e62a71122943bc6,that being said for a phone the camera is very nice many cool effects to play with and video is decent as well,1
f7c0b45701d6b4baa19f0e2d80f4796f,the text messaging feature is really tricky to use,0
f808e242d63212d415108ab926eabf89,very disappointed,0
f808e242d63212d415108ab926eabf89,very disappointed,0
f8875a201922a84c1b81c3bf20eaeb0f,customer service was terrible,0
f916bfb57dcc7d16b86d0122268ccf76,voice quality signal strength dropped calls,0
f932e0a276de0ed780a6d92922ecf941,you wont regret it,1
f97bb3e1432cae77d3c49ba9cd4ee660,so i basically threw my money out the window for nothing,0
f97dc13c4c0428b5bd713035df3d111f,logitech bluetooth headset is a 10,1
f9a4b47fcc6ab4ed5e68bbcb118951fc,it didnt work people can not hear me when i talk,0
f9b8aede194b1fcec7c4cbd7c752026a,the screen does get smudged easily because it touches your ear and face,0
f9f1c354614d7a6192c882fb1c14b67c,all i can do is whine on the internet so here it goesthe more i use the thing the less i like it,0
fa2d1095ae9a24380f55f7b554f52e96,the best phone in market ,1
fa33387f762e639aae8f5f148e69b14f,also the area where my unit broke im not too fond of the magnetic strap,0
fa4e7609b8824a54412e8aa5eed6cdb6,my phone doesnt slide around my car now and the grip prevents my phone from slipping out of my hand,1
fa558a0d0697f6615da6258d1f5b94bc,the mic is great,1
facdeea3c0a81c7287493d61766d472c,it definitely was not as good as my s11,1
fb6da2d3ce70949a55e138f458b11efa,phone falls out easily,0
fbd165819215842d374122f05c10bb41,it works great with a car charger especially if you cannot plug in two adapters at the same time,1
fc0e7a7fb7bb48c2418879152ee4b10f,horrible phone,0
fcc1fa3c50583e7c76baa8cb07c54986,it only recognizes the phone as its storage device,0
fcc6ab7bfa2ecfd5fc05fb67001606fa,i was not impressed by this product,0
fce092e10f58b75b55e44b9477598cf5,really good product,1
fd4f5d58a3a7fa3fa68b14a19db3c994,looks great and is strong,1
fd61ac27b9a9b28dad652067b9533f9c,i was able to do voice dialing in the car with no problem,1
fe2211c4d875bfd107138c8aae93d433,so anyone near you will hear part of your conversation,0
fe44dcdd93d303c06fddf719e62fef92,i love the camera its really pretty good quality,1
fe4d54645db46e1f84674767276e9635,its very attractive and appears to be of good quality,1
fe4ee468ed3d38609be900d320884641,easy to pair with my samsung cell,1
fe86a704037c1906a631e4a1f0cfa9f9,excellent product for the price,1
fe86a704037c1906a631e4a1f0cfa9f9,excellent product for the price,1
ff3ecf9876ef6f3ed79f60d0e5d55bb3,its fits like a glove and is strong secure and durable,1
